timestamp, utilization.gpu [%], memory.used [MiB], power.draw [W], pcie.link.gen.current, pcie.link.width.current, clocks.current.sm [MHz]
2026/09/27 14:42:44.067, 0, 13, 1.30, 3, 16, 300
2026/09/27 14:42:44.612, 0, 13, 1.20, 3, 16, 300
2026/09/27 14:42:45.128, 0, 13, 1.22, 3, 16, 300
2026/09/27 14:42:45.645, 0, 13, 1.27, 3, 16, 300
2026/09/27 14:42:46.161, 0, 13, 1.21, 3, 16, 300
2026/09/27 14:42:46.678, 0, 13, 1.19, 3, 16, 300
2026/09/27 14:42:47.183, 0, 13, 1.23, 3, 16, 300
2026/09/27 14:42:47.690, 0, 13, 1.22, 3, 16, 300
2026/09/27 14:42:48.204, 0, 13, 1.21, 3, 16, 300
2026/09/27 14:42:48.710, 0, 13, 1.20, 3, 16, 300
2026/09/27 14:42:49.230, 0, 13, 1.23, 3, 16, 300
2026/09/27 14:42:49.747, 0, 13, 1.20, 3, 16, 300
2026/09/27 14:42:50.263, 0, 13, 1.20, 3, 16, 300
2026/09/27 14:42:50.778, 0, 13, 1.22, 3, 16, 300
2026/09/27 14:42:51.290, 0, 13, 1.22, 3, 16, 300
2026/09/27 14:42:51.811, 0, 13, 1.20, 3, 16, 300
2026/09/27 14:42:52.329, 0, 13, 1.15, 3, 16, 300
2026/09/27 14:42:52.846, 0, 13, 1.18, 3, 16, 300
2026/09/27 14:42:53.364, 0, 13, 1.15, 3, 16, 300
2026/09/27 14:42:53.875, 0, 13, 1.15, 3, 16, 300
2026/09/27 14:42:54.380, 0, 13, 1.15, 3, 16, 300
2026/09/27 14:42:54.896, 0, 13, 1.13, 3, 16, 300
2026/09/27 14:42:55.415, 0, 13, 1.17, 3, 16, 300
2026/09/27 14:42:55.932, 0, 13, 1.17, 3, 16, 300
2026/09/27 14:42:56.444, 0, 13, 1.23, 3, 16, 300
2026/09/27 14:42:56.960, 0, 13, 1.13, 3, 16, 300
2026/09/27 14:42:57.475, 0, 13, 1.17, 3, 16, 300
2026/09/27 14:42:57.994, 0, 13, 1.14, 3, 16, 300
2026/09/27 14:42:58.500, 0, 13, 1.27, 3, 16, 300
2026/09/27 14:42:59.025, 0, 13, 1.22, 3, 16, 300
2026/09/27 14:42:59.543, 0, 13, 1.30, 3, 16, 300
2026/09/27 14:43:00.058, 0, 13, 1.18, 3, 16, 300
2026/09/27 14:43:00.561, 0, 13, 1.26, 3, 16, 300
2026/09/27 14:43:01.065, 0, 13, 1.16, 3, 16, 300
2026/09/27 14:43:01.582, 0, 13, 1.17, 3, 16, 300
2026/09/27 14:43:02.094, 0, 13, 1.14, 3, 16, 300
2026/09/27 14:43:02.611, 0, 13, 1.13, 3, 16, 300
2026/09/27 14:43:03.127, 0, 13, 1.21, 3, 16, 300
2026/09/27 14:43:03.636, 0, 13, 1.16, 3, 16, 300
2026/09/27 14:43:04.143, 0, 13, 1.31, 3, 16, 300
2026/09/27 14:43:04.650, 0, 13, 1.16, 3, 16, 300
2026/09/27 14:43:05.161, 0, 13, 1.17, 3, 16, 300
2026/09/27 14:43:05.675, 0, 13, 1.18, 3, 16, 300
2026/09/27 14:43:06.195, 0, 13, 1.16, 3, 16, 300
2026/09/27 14:43:06.709, 0, 13, 1.25, 3, 16, 300
2026/09/27 14:43:07.225, 0, 13, 1.21, 3, 16, 300
2026/09/27 14:43:07.742, 0, 13, 1.26, 3, 16, 300
2026/09/27 14:43:08.259, 0, 13, 1.27, 3, 16, 300
2026/09/27 14:43:08.809, 0, 13, 1.26, 3, 16, 300
2026/09/27 14:43:09.757, 0, 13, 1.25, 3, 16, 300
2026/09/27 14:43:10.272, 0, 13, 1.17, 3, 16, 300
2026/09/27 14:43:10.789, 0, 13, 1.28, 3, 16, 300
2026/09/27 14:43:11.522, 0, 13, 1.17, 3, 16, 300
2026/09/27 14:43:12.043, 0, 13, 1.12, 3, 16, 300
2026/09/27 14:43:12.657, 0, 13, 1.21, 3, 16, 300
2026/09/27 14:43:13.175, 0, 13, 1.18, 3, 16, 300
2026/09/27 14:43:13.689, 0, 13, 1.15, 3, 16, 300
2026/09/27 14:43:14.238, 0, 13, 1.17, 3, 16, 300
2026/09/27 14:43:14.752, 0, 13, 1.21, 3, 16, 300
2026/09/27 14:43:15.259, 0, 13, 1.19, 3, 16, 300
2026/09/27 14:43:15.777, 0, 13, 1.22, 3, 16, 300
2026/09/27 14:43:16.290, 0, 13, 1.22, 3, 16, 300
2026/09/27 14:43:16.858, 0, 13, 1.18, 3, 16, 300
2026/09/27 14:43:17.374, 0, 13, 1.16, 3, 16, 300
2026/09/27 14:43:17.879, 0, 13, 1.14, 3, 16, 300
2026/09/27 14:43:18.390, 0, 13, 1.16, 3, 16, 300
2026/09/27 14:43:18.896, 0, 13, 1.18, 3, 16, 300
2026/09/27 14:43:19.410, 0, 13, 1.16, 3, 16, 300
2026/09/27 14:43:19.918, 0, 13, 1.17, 3, 16, 300
2026/09/27 14:43:20.430, 0, 13, 1.15, 3, 16, 300
2026/09/27 14:43:20.939, 0, 13, 1.15, 3, 16, 300
2026/09/27 14:43:21.441, 0, 13, 1.17, 3, 16, 300
2026/09/27 14:43:21.957, 0, 13, 1.19, 3, 16, 300
2026/09/27 14:43:22.474, 0, 13, 1.15, 3, 16, 300
2026/09/27 14:43:23.003, 0, 13, 1.16, 3, 16, 300
2026/09/27 14:43:23.542, 0, 13, 1.13, 3, 16, 300
2026/09/27 14:43:24.059, 0, 13, 1.17, 3, 16, 300
2026/09/27 14:43:24.576, 0, 13, 1.12, 3, 16, 300
2026/09/27 14:43:25.090, 0, 13, 1.15, 3, 16, 300
2026/09/27 14:43:25.603, 0, 13, 1.23, 3, 16, 300
2026/09/27 14:43:26.107, 0, 13, 1.17, 3, 16, 300
2026/09/27 14:43:26.624, 0, 13, 1.17, 3, 16, 300
2026/09/27 14:43:27.141, 0, 13, 1.17, 3, 16, 300
2026/09/27 14:43:27.657, 0, 13, 1.19, 3, 16, 300
2026/09/27 14:43:28.174, 0, 13, 1.19, 3, 16, 300
2026/09/27 14:43:28.690, 0, 13, 1.14, 3, 16, 300
2026/09/27 14:43:29.207, 0, 13, 1.23, 3, 16, 300
2026/09/27 14:43:29.725, 0, 13, 1.13, 3, 16, 300
2026/09/27 14:43:30.240, 0, 13, 1.24, 3, 16, 300
2026/09/27 14:43:30.758, 0, 13, 1.27, 3, 16, 300
2026/09/27 14:43:31.275, 0, 13, 1.26, 3, 16, 300
2026/09/27 14:43:31.790, 0, 13, 1.30, 3, 16, 300
2026/09/27 14:43:32.307, 0, 13, 1.25, 3, 16, 300
2026/09/27 14:43:32.810, 0, 13, 1.29, 3, 16, 300
2026/09/27 14:43:33.324, 0, 13, 1.16, 3, 16, 300
2026/09/27 14:43:33.840, 0, 13, 1.22, 3, 16, 300
2026/09/27 14:43:34.349, 0, 13, 1.17, 3, 16, 300
2026/09/27 14:43:34.857, 0, 13, 1.23, 3, 16, 300
2026/09/27 14:43:35.374, 0, 13, 1.15, 3, 16, 300
2026/09/27 14:43:35.878, 0, 13, 1.20, 3, 16, 300
2026/09/27 14:43:36.388, 0, 13, 1.16, 3, 16, 300
2026/09/27 14:43:36.901, 0, 13, 1.14, 3, 16, 300
2026/09/27 14:43:37.407, 0, 13, 1.18, 3, 16, 300
2026/09/27 14:43:37.923, 0, 13, 1.12, 3, 16, 300
2026/09/27 14:43:38.439, 0, 13, 1.23, 3, 16, 300
2026/09/27 14:43:38.956, 0, 13, 1.14, 3, 16, 300
2026/09/27 14:43:39.474, 0, 13, 1.12, 3, 16, 300
2026/09/27 14:43:39.989, 0, 13, 1.17, 3, 16, 300
2026/09/27 14:43:40.498, 0, 13, 1.13, 3, 16, 300
2026/09/27 14:43:41.011, 0, 13, 1.22, 3, 16, 300
2026/09/27 14:43:41.522, 0, 13, 1.12, 3, 16, 300
2026/09/27 14:43:42.039, 0, 13, 1.19, 3, 16, 300
2026/09/27 14:43:42.556, 0, 13, 1.16, 3, 16, 300
2026/09/27 14:43:43.072, 0, 13, 1.16, 3, 16, 300
2026/09/27 14:43:43.589, 0, 13, 1.17, 3, 16, 300
2026/09/27 14:43:44.105, 0, 13, 1.16, 3, 16, 300
2026/09/27 14:43:44.621, 0, 13, 1.15, 3, 16, 300
2026/09/27 14:43:45.139, 0, 13, 1.15, 3, 16, 300
2026/09/27 14:43:45.655, 0, 13, 1.18, 3, 16, 300
2026/09/27 14:43:46.163, 0, 13, 1.18, 3, 16, 300
2026/09/27 14:43:46.669, 0, 13, 1.15, 3, 16, 300
2026/09/27 14:43:47.173, 0, 13, 1.12, 3, 16, 300
2026/09/27 14:43:47.690, 0, 13, 1.14, 3, 16, 300
2026/09/27 14:43:48.208, 0, 13, 1.21, 3, 16, 300
2026/09/27 14:43:48.723, 0, 13, 1.12, 3, 16, 300
2026/09/27 14:43:49.238, 0, 13, 1.19, 3, 16, 300
2026/09/27 14:43:49.755, 0, 13, 1.12, 3, 16, 300
2026/09/27 14:43:50.271, 0, 13, 1.24, 3, 16, 300
2026/09/27 14:43:50.788, 0, 13, 1.31, 3, 16, 300
2026/09/27 14:43:51.297, 0, 13, 1.14, 3, 16, 300
2026/09/27 14:43:51.803, 0, 13, 1.26, 3, 16, 300
2026/09/27 14:43:52.311, 0, 13, 1.16, 3, 16, 300
2026/09/27 14:43:52.822, 0, 13, 1.25, 3, 16, 300
2026/09/27 14:43:53.339, 0, 13, 1.15, 3, 16, 300
2026/09/27 14:43:53.854, 0, 13, 1.30, 3, 16, 300
2026/09/27 14:43:54.371, 0, 13, 1.15, 3, 16, 300
2026/09/27 14:43:54.884, 0, 13, 1.27, 3, 16, 300
2026/09/27 14:43:55.388, 0, 13, 1.18, 3, 16, 300
2026/09/27 14:43:55.904, 0, 13, 1.14, 3, 16, 300
2026/09/27 14:43:56.422, 0, 13, 1.19, 3, 16, 300
2026/09/27 14:43:56.937, 0, 13, 1.12, 3, 16, 300
2026/09/27 14:43:57.454, 0, 13, 1.22, 3, 16, 300
2026/09/27 14:43:57.961, 0, 13, 1.12, 3, 16, 300
2026/09/27 14:43:58.469, 0, 13, 1.25, 3, 16, 300
2026/09/27 14:43:58.986, 0, 13, 1.12, 3, 16, 300
2026/09/27 14:43:59.620, 0, 13, 1.25, 3, 16, 300
2026/09/27 14:44:00.137, 0, 13, 1.12, 3, 16, 300
2026/09/27 14:44:00.645, 0, 13, 1.18, 3, 16, 300
2026/09/27 14:44:01.155, 0, 13, 1.17, 3, 16, 300
2026/09/27 14:44:01.671, 0, 13, 1.16, 3, 16, 300
2026/09/27 14:44:02.187, 0, 13, 1.20, 3, 16, 300
2026/09/27 14:44:02.705, 0, 13, 1.17, 3, 16, 300
2026/09/27 14:44:03.220, 0, 13, 1.15, 3, 16, 300
2026/09/27 14:44:03.724, 0, 13, 1.17, 3, 16, 300
2026/09/27 14:44:04.236, 0, 13, 1.24, 3, 16, 300
2026/09/27 14:44:04.753, 0, 13, 1.16, 3, 16, 300
2026/09/27 14:44:05.270, 0, 13, 1.21, 3, 16, 300
2026/09/27 14:44:05.773, 0, 13, 1.18, 3, 16, 300
2026/09/27 14:44:06.286, 0, 13, 1.21, 3, 16, 300
2026/09/27 14:44:06.802, 0, 13, 1.13, 3, 16, 300
2026/09/27 14:44:07.321, 0, 13, 1.15, 3, 16, 300
2026/09/27 14:44:07.834, 0, 13, 1.31, 3, 16, 300
2026/09/27 14:44:08.478, 0, 13, 1.21, 3, 16, 300
2026/09/27 14:44:08.982, 0, 13, 1.18, 3, 16, 300
2026/09/27 14:44:09.487, 0, 13, 1.38, 3, 16, 300
2026/09/27 14:44:10.002, 0, 13, 1.17, 3, 16, 300
2026/09/27 14:44:10.509, 0, 13, 1.14, 3, 16, 300
2026/09/27 14:44:11.021, 0, 13, 1.15, 3, 16, 300
2026/09/27 14:44:11.537, 0, 13, 1.14, 3, 16, 300
2026/09/27 14:44:12.053, 0, 13, 1.14, 3, 16, 300
2026/09/27 14:44:12.568, 0, 13, 1.14, 3, 16, 300
2026/09/27 14:44:13.084, 0, 13, 1.14, 3, 16, 300
2026/09/27 14:44:13.589, 0, 13, 1.17, 3, 16, 300
2026/09/27 14:44:14.102, 0, 13, 1.18, 3, 16, 300
2026/09/27 14:44:14.616, 0, 13, 1.16, 3, 16, 300
2026/09/27 14:44:15.120, 0, 13, 1.21, 3, 16, 300
2026/09/27 14:44:15.637, 0, 13, 1.21, 3, 16, 300
2026/09/27 14:44:16.151, 0, 13, 1.16, 3, 16, 300
2026/09/27 14:44:16.703, 0, 13, 1.20, 3, 16, 300
2026/09/27 14:44:17.213, 0, 13, 1.14, 3, 16, 300
2026/09/27 14:44:17.718, 0, 13, 1.23, 3, 16, 300
2026/09/27 14:44:18.234, 0, 13, 1.25, 3, 16, 300
2026/09/27 14:44:18.738, 0, 13, 1.14, 3, 16, 300
2026/09/27 14:44:19.244, 0, 13, 1.18, 3, 16, 300
2026/09/27 14:44:19.756, 0, 13, 1.20, 3, 16, 300
2026/09/27 14:44:20.264, 0, 13, 1.20, 3, 16, 300
2026/09/27 14:44:20.776, 0, 13, 1.19, 3, 16, 300
2026/09/27 14:44:21.283, 0, 13, 1.25, 3, 16, 300
2026/09/27 14:44:21.797, 0, 13, 1.25, 3, 16, 300
2026/09/27 14:44:22.466, 0, 13, 1.18, 3, 16, 300
2026/09/27 14:44:22.984, 0, 13, 1.14, 3, 16, 300
2026/09/27 14:44:23.609, 0, 13, 1.15, 3, 16, 300
2026/09/27 14:44:24.117, 0, 13, 1.37, 3, 16, 300
2026/09/27 14:44:24.621, 0, 13, 1.18, 3, 16, 300
2026/09/27 14:44:25.139, 0, 13, 1.20, 3, 16, 300
2026/09/27 14:44:25.884, 0, 13, 1.27, 3, 16, 300
2026/09/27 14:44:26.484, 0, 13, 1.22, 3, 16, 300
2026/09/27 14:44:27.000, 0, 13, 1.18, 3, 16, 300
2026/09/27 14:44:27.683, 0, 13, 1.23, 3, 16, 300
2026/09/27 14:44:28.188, 0, 13, 1.20, 3, 16, 300
2026/09/27 14:44:28.700, 0, 13, 1.18, 3, 16, 300
2026/09/27 14:44:29.218, 0, 13, 1.13, 3, 16, 300
2026/09/27 14:44:29.725, 0, 13, 1.26, 3, 16, 300
2026/09/27 14:44:30.236, 0, 13, 1.18, 3, 16, 300
2026/09/27 14:44:30.754, 0, 13, 1.23, 3, 16, 300
2026/09/27 14:44:31.265, 0, 13, 1.15, 3, 16, 300
2026/09/27 14:44:31.769, 0, 13, 1.21, 3, 16, 300
2026/09/27 14:44:32.283, 0, 13, 1.23, 3, 16, 300
2026/09/27 14:44:32.800, 0, 13, 1.13, 3, 16, 300
2026/09/27 14:44:33.314, 0, 13, 1.22, 3, 16, 300
2026/09/27 14:44:33.817, 0, 13, 1.11, 3, 16, 300
2026/09/27 14:44:34.334, 0, 13, 1.20, 3, 16, 300
2026/09/27 14:44:34.852, 0, 13, 1.11, 3, 16, 300
2026/09/27 14:44:35.369, 0, 13, 1.13, 3, 16, 300
2026/09/27 14:44:35.882, 0, 13, 1.23, 3, 16, 300
2026/09/27 14:44:36.391, 0, 13, 1.13, 3, 16, 300
2026/09/27 14:44:36.916, 0, 13, 1.23, 3, 16, 300
2026/09/27 14:44:37.433, 0, 13, 1.13, 3, 16, 300
2026/09/27 14:44:37.941, 0, 13, 1.15, 3, 16, 300
2026/09/27 14:44:38.450, 0, 13, 1.17, 3, 16, 300
2026/09/27 14:44:38.967, 0, 13, 1.19, 3, 16, 300
2026/09/27 14:44:39.485, 0, 13, 1.13, 3, 16, 300
2026/09/27 14:44:40.001, 0, 13, 1.21, 3, 16, 300
2026/09/27 14:44:40.516, 0, 13, 1.15, 3, 16, 300
2026/09/27 14:44:41.036, 0, 13, 1.21, 3, 16, 300
2026/09/27 14:44:41.541, 0, 13, 1.16, 3, 16, 300
2026/09/27 14:44:42.049, 0, 13, 1.18, 3, 16, 300
2026/09/27 14:44:42.566, 0, 13, 1.20, 3, 16, 300
2026/09/27 14:44:43.076, 0, 13, 1.18, 3, 16, 300
2026/09/27 14:44:43.582, 0, 13, 1.09, 3, 16, 300
2026/09/27 14:44:44.099, 0, 13, 1.18, 3, 16, 300
2026/09/27 14:44:44.616, 0, 13, 1.10, 3, 16, 300
2026/09/27 14:44:45.132, 0, 13, 1.15, 3, 16, 300
2026/09/27 14:44:45.649, 0, 13, 1.10, 3, 16, 300
2026/09/27 14:44:46.154, 0, 13, 1.20, 3, 16, 300
2026/09/27 14:44:46.661, 0, 13, 1.10, 3, 16, 300
2026/09/27 14:44:47.165, 0, 13, 1.15, 3, 16, 300
2026/09/27 14:44:47.682, 0, 13, 1.13, 3, 16, 300
2026/09/27 14:44:48.199, 0, 13, 1.16, 3, 16, 300
2026/09/27 14:44:48.708, 0, 13, 1.13, 3, 16, 300
2026/09/27 14:44:49.217, 0, 13, 1.13, 3, 16, 300
2026/09/27 14:44:49.722, 0, 13, 1.14, 3, 16, 300
2026/09/27 14:44:50.233, 0, 13, 1.13, 3, 16, 300
2026/09/27 14:44:50.747, 0, 13, 1.13, 3, 16, 300
2026/09/27 14:44:51.266, 0, 13, 1.12, 3, 16, 300
2026/09/27 14:44:51.771, 0, 13, 1.16, 3, 16, 300
2026/09/27 14:44:52.281, 0, 13, 1.13, 3, 16, 300
2026/09/27 14:44:52.793, 0, 13, 1.16, 3, 16, 300
2026/09/27 14:44:53.298, 0, 13, 1.18, 3, 16, 300
2026/09/27 14:44:53.815, 0, 13, 1.12, 3, 16, 300
2026/09/27 14:44:54.332, 0, 13, 1.19, 3, 16, 300
2026/09/27 14:44:54.848, 0, 13, 1.12, 3, 16, 300
2026/09/27 14:44:55.365, 0, 13, 1.19, 3, 16, 300
2026/09/27 14:44:55.881, 0, 13, 1.12, 3, 16, 300
2026/09/27 14:44:56.398, 0, 13, 1.15, 3, 16, 300
2026/09/27 14:44:56.914, 0, 13, 1.16, 3, 16, 300
2026/09/27 14:44:57.431, 0, 13, 1.14, 3, 16, 300
2026/09/27 14:44:57.935, 0, 13, 1.16, 3, 16, 300
2026/09/27 14:44:58.440, 0, 13, 1.16, 3, 16, 300
2026/09/27 14:44:58.948, 0, 13, 1.16, 3, 16, 300
2026/09/27 14:44:59.465, 0, 13, 1.16, 3, 16, 300
2026/09/27 14:44:59.982, 0, 13, 1.15, 3, 16, 300
2026/09/27 14:45:00.491, 0, 13, 1.13, 3, 16, 300
2026/09/27 14:45:00.997, 0, 13, 1.17, 3, 16, 300
2026/09/27 14:45:01.516, 0, 13, 1.16, 3, 16, 300
2026/09/27 14:45:02.031, 0, 13, 1.18, 3, 16, 300
2026/09/27 14:45:02.547, 0, 13, 1.18, 3, 16, 300
2026/09/27 14:45:03.064, 0, 13, 1.17, 3, 16, 300
2026/09/27 14:45:03.581, 0, 13, 1.16, 3, 16, 300
2026/09/27 14:45:04.088, 0, 13, 1.16, 3, 16, 300
2026/09/27 14:45:04.595, 0, 13, 1.14, 3, 16, 300
2026/09/27 14:45:05.113, 0, 13, 1.14, 3, 16, 300
2026/09/27 14:45:05.620, 0, 13, 1.20, 3, 16, 300
2026/09/27 14:45:06.130, 0, 13, 1.15, 3, 16, 300
2026/09/27 14:45:06.646, 0, 13, 1.13, 3, 16, 300
2026/09/27 14:45:07.163, 0, 13, 1.13, 3, 16, 300
2026/09/27 14:45:07.680, 0, 13, 1.19, 3, 16, 300
2026/09/27 14:45:08.448, 0, 13, 1.15, 3, 16, 300
2026/09/27 14:45:08.966, 0, 13, 1.19, 3, 16, 300
2026/09/27 14:45:09.479, 0, 13, 1.16, 3, 16, 300
2026/09/27 14:45:09.995, 0, 13, 1.19, 3, 16, 300
2026/09/27 14:45:10.499, 0, 13, 1.17, 3, 16, 300
2026/09/27 14:45:11.012, 0, 13, 1.22, 3, 16, 300
2026/09/27 14:45:11.519, 0, 13, 1.19, 3, 16, 300
2026/09/27 14:45:12.029, 0, 13, 1.20, 3, 16, 300
2026/09/27 14:45:12.596, 0, 13, 1.19, 3, 16, 300
2026/09/27 14:45:13.113, 0, 13, 1.18, 3, 16, 300
2026/09/27 14:45:13.629, 0, 13, 1.18, 3, 16, 300
2026/09/27 14:45:14.146, 0, 13, 1.20, 3, 16, 300
2026/09/27 14:45:14.649, 0, 13, 1.12, 3, 16, 300
2026/09/27 14:45:15.164, 0, 13, 1.15, 3, 16, 300
2026/09/27 14:45:15.678, 0, 13, 1.17, 3, 16, 300
2026/09/27 14:45:16.195, 0, 13, 1.18, 3, 16, 300
2026/09/27 14:45:16.712, 0, 13, 1.14, 3, 16, 300
2026/09/27 14:45:17.229, 0, 13, 1.29, 3, 16, 300
2026/09/27 14:45:17.734, 0, 13, 1.15, 3, 16, 300
2026/09/27 14:45:18.245, 0, 13, 1.14, 3, 16, 300
2026/09/27 14:45:18.763, 0, 13, 1.16, 3, 16, 300
2026/09/27 14:45:19.279, 0, 13, 1.11, 3, 16, 300
2026/09/27 14:45:19.789, 0, 13, 1.19, 3, 16, 300
2026/09/27 14:45:20.295, 0, 13, 1.12, 3, 16, 300
2026/09/27 14:45:20.800, 0, 13, 1.19, 3, 16, 300
2026/09/27 14:45:21.309, 0, 13, 1.11, 3, 16, 300
2026/09/27 14:45:21.825, 0, 13, 1.19, 3, 16, 300
2026/09/27 14:45:22.330, 0, 13, 1.12, 3, 16, 300
2026/09/27 14:45:22.845, 0, 13, 1.18, 3, 16, 300
2026/09/27 14:45:23.362, 0, 13, 1.26, 3, 16, 300
2026/09/27 14:45:23.878, 0, 13, 1.15, 3, 16, 300
2026/09/27 14:45:24.395, 0, 13, 1.17, 3, 16, 300
2026/09/27 14:45:24.911, 0, 13, 1.20, 3, 16, 300
2026/09/27 14:45:25.428, 0, 13, 1.21, 3, 16, 300
2026/09/27 14:45:25.932, 0, 13, 1.21, 3, 16, 300
2026/09/27 14:45:26.447, 0, 13, 1.17, 3, 16, 300
2026/09/27 14:45:26.961, 0, 13, 1.27, 3, 16, 300
2026/09/27 14:45:27.478, 0, 13, 1.17, 3, 16, 300
2026/09/27 14:45:27.987, 0, 13, 1.18, 3, 16, 300
2026/09/27 14:45:28.493, 0, 13, 1.12, 3, 16, 300
2026/09/27 14:45:29.113, 0, 13, 1.20, 3, 16, 300
2026/09/27 14:45:29.977, 0, 13, 1.20, 3, 16, 300
2026/09/27 14:45:30.561, 0, 13, 1.15, 3, 16, 300
2026/09/27 14:45:31.077, 0, 13, 1.23, 3, 16, 300
2026/09/27 14:45:31.712, 0, 13, 1.15, 3, 16, 300
2026/09/27 14:45:32.227, 0, 13, 1.18, 3, 16, 300
2026/09/27 14:45:32.741, 0, 13, 1.13, 3, 16, 300
2026/09/27 14:45:33.260, 0, 13, 1.21, 3, 16, 300
2026/09/27 14:45:34.795, 0, 13, 1.18, 3, 16, 300
2026/09/27 14:45:35.298, 0, 13, 1.24, 3, 16, 300
2026/09/27 14:45:35.821, 0, 13, 1.14, 3, 16, 300
2026/09/27 14:45:36.346, 0, 13, 1.13, 3, 16, 300
2026/09/27 14:45:36.864, 0, 13, 1.15, 3, 16, 300
2026/09/27 14:45:37.370, 0, 13, 1.15, 3, 16, 300
2026/09/27 14:45:37.888, 0, 13, 1.12, 3, 16, 300
2026/09/27 14:45:38.394, 0, 13, 1.21, 3, 16, 300
2026/09/27 14:45:38.912, 0, 13, 1.12, 3, 16, 300
2026/09/27 14:45:39.417, 0, 13, 1.20, 3, 16, 300
2026/09/27 14:45:39.927, 0, 13, 1.13, 3, 16, 300
2026/09/27 14:45:40.443, 0, 13, 1.24, 3, 16, 300
2026/09/27 14:45:40.959, 0, 13, 1.12, 3, 16, 300
2026/09/27 14:45:41.476, 0, 13, 1.21, 3, 16, 300
2026/09/27 14:45:41.993, 0, 13, 1.25, 3, 16, 300
2026/09/27 14:45:42.497, 0, 13, 1.14, 3, 16, 300
2026/09/27 14:45:43.012, 0, 13, 1.15, 3, 16, 300
2026/09/27 14:45:43.522, 0, 13, 1.11, 3, 16, 300
2026/09/27 14:45:44.026, 0, 13, 1.20, 3, 16, 300
2026/09/27 14:45:44.553, 0, 13, 1.15, 3, 16, 300
2026/09/27 14:45:45.059, 0, 13, 1.19, 3, 16, 300
2026/09/27 14:45:45.564, 0, 13, 1.13, 3, 16, 300
2026/09/27 14:45:46.075, 0, 13, 1.16, 3, 16, 300
2026/09/27 14:45:46.595, 0, 13, 1.12, 3, 16, 300
2026/09/27 14:45:47.109, 0, 13, 1.16, 3, 16, 300
2026/09/27 14:45:47.615, 0, 13, 1.17, 3, 16, 300
2026/09/27 14:45:48.128, 0, 13, 1.21, 3, 16, 300
2026/09/27 14:45:48.641, 0, 13, 1.16, 3, 16, 300
2026/09/27 14:45:49.159, 0, 13, 1.18, 3, 16, 300
2026/09/27 14:45:49.675, 0, 13, 1.16, 3, 16, 300
2026/09/27 14:45:50.192, 0, 13, 1.20, 3, 16, 300
2026/09/27 14:45:50.709, 0, 13, 1.12, 3, 16, 300
2026/09/27 14:45:51.221, 0, 13, 1.17, 3, 16, 300
2026/09/27 14:45:51.726, 0, 13, 1.14, 3, 16, 300
2026/09/27 14:45:52.243, 0, 13, 1.13, 3, 16, 300
2026/09/27 14:45:52.758, 0, 13, 1.13, 3, 16, 300
2026/09/27 14:45:53.277, 0, 13, 1.17, 3, 16, 300
2026/09/27 14:45:53.784, 0, 13, 1.14, 3, 16, 300
2026/09/27 14:45:54.294, 0, 13, 1.15, 3, 16, 300
2026/09/27 14:45:54.808, 0, 13, 1.13, 3, 16, 300
2026/09/27 14:45:55.325, 0, 13, 1.20, 3, 16, 300
2026/09/27 14:45:55.842, 0, 13, 1.15, 3, 16, 300
2026/09/27 14:45:56.361, 0, 13, 1.12, 3, 16, 300
2026/09/27 14:45:56.876, 0, 13, 1.19, 3, 16, 300
2026/09/27 14:45:57.393, 0, 13, 1.14, 3, 16, 300
2026/09/27 14:45:57.910, 0, 13, 1.17, 3, 16, 300
2026/09/27 14:45:58.425, 0, 13, 1.24, 3, 16, 300
2026/09/27 14:45:58.929, 0, 13, 1.16, 3, 16, 300
2026/09/27 14:45:59.441, 0, 13, 1.20, 3, 16, 300
2026/09/27 14:45:59.953, 0, 13, 1.15, 3, 16, 300
2026/09/27 14:46:00.458, 0, 13, 1.20, 3, 16, 300
2026/09/27 14:46:00.974, 0, 13, 1.13, 3, 16, 300
2026/09/27 14:46:01.491, 0, 13, 1.18, 3, 16, 300
2026/09/27 14:46:02.006, 0, 13, 1.13, 3, 16, 300
2026/09/27 14:46:02.523, 0, 13, 1.18, 3, 16, 300
2026/09/27 14:46:03.041, 0, 13, 1.16, 3, 16, 300
2026/09/27 14:46:03.557, 0, 13, 1.13, 3, 16, 300
2026/09/27 14:46:04.062, 0, 13, 1.20, 3, 16, 300
2026/09/27 14:46:04.574, 0, 13, 1.13, 3, 16, 300
2026/09/27 14:46:05.078, 0, 13, 1.15, 3, 16, 300
2026/09/27 14:46:05.591, 0, 13, 1.10, 3, 16, 300
2026/09/27 14:46:06.107, 0, 13, 1.21, 3, 16, 300
2026/09/27 14:46:06.624, 0, 13, 1.11, 3, 16, 300
2026/09/27 14:46:07.141, 0, 13, 1.18, 3, 16, 300
2026/09/27 14:46:07.657, 0, 13, 1.24, 3, 16, 300
2026/09/27 14:46:08.174, 0, 13, 1.20, 3, 16, 300
2026/09/27 14:46:08.690, 0, 13, 1.19, 3, 16, 300
2026/09/27 14:46:09.207, 0, 13, 1.19, 3, 16, 300
2026/09/27 14:46:09.739, 0, 13, 1.13, 3, 16, 300
2026/09/27 14:46:10.257, 0, 13, 1.14, 3, 16, 300
2026/09/27 14:46:10.764, 0, 13, 1.16, 3, 16, 300
2026/09/27 14:46:11.273, 0, 13, 1.22, 3, 16, 300
2026/09/27 14:46:11.790, 0, 13, 1.13, 3, 16, 300
2026/09/27 14:46:12.306, 0, 13, 1.17, 3, 16, 300
2026/09/27 14:46:12.823, 0, 13, 1.21, 3, 16, 300
2026/09/27 14:46:13.339, 0, 13, 1.17, 3, 16, 300
2026/09/27 14:46:13.906, 0, 13, 1.17, 3, 16, 300
2026/09/27 14:46:14.423, 0, 13, 1.22, 3, 16, 300
2026/09/27 14:46:14.929, 0, 13, 1.20, 3, 16, 300
2026/09/27 14:46:15.439, 0, 13, 1.13, 3, 16, 300
2026/09/27 14:46:15.951, 0, 13, 1.13, 3, 16, 300
2026/09/27 14:46:16.456, 0, 13, 1.24, 3, 16, 300
2026/09/27 14:46:16.972, 0, 13, 1.23, 3, 16, 300
2026/09/27 14:46:17.491, 0, 13, 1.25, 3, 16, 300
2026/09/27 14:46:18.006, 0, 13, 1.22, 3, 16, 300
2026/09/27 14:46:18.523, 0, 13, 1.27, 3, 16, 300
2026/09/27 14:46:19.039, 0, 13, 1.13, 3, 16, 300
2026/09/27 14:46:19.556, 0, 13, 1.14, 3, 16, 300
2026/09/27 14:46:20.094, 0, 13, 1.17, 3, 16, 300
2026/09/27 14:46:20.606, 0, 13, 1.16, 3, 16, 300
2026/09/27 14:46:21.121, 0, 13, 1.19, 3, 16, 300
2026/09/27 14:46:21.632, 0, 13, 1.17, 3, 16, 300
2026/09/27 14:46:22.140, 0, 13, 1.20, 3, 16, 300
2026/09/27 14:46:22.655, 0, 13, 1.14, 3, 16, 300
2026/09/27 14:46:23.172, 0, 13, 1.20, 3, 16, 300
2026/09/27 14:46:23.689, 0, 13, 1.16, 3, 16, 300
2026/09/27 14:46:24.205, 0, 13, 1.21, 3, 16, 300
2026/09/27 14:46:24.710, 0, 13, 1.18, 3, 16, 300
2026/09/27 14:46:25.222, 0, 13, 1.18, 3, 16, 300
2026/09/27 14:46:25.732, 0, 13, 1.17, 3, 16, 300
2026/09/27 14:46:26.248, 0, 13, 1.16, 3, 16, 300
2026/09/27 14:46:26.754, 0, 13, 1.22, 3, 16, 300
2026/09/27 14:46:27.272, 0, 13, 1.21, 3, 16, 300
2026/09/27 14:46:27.788, 0, 13, 1.21, 3, 16, 300
2026/09/27 14:46:28.295, 0, 13, 1.23, 3, 16, 300
2026/09/27 14:46:28.805, 0, 13, 1.14, 3, 16, 300
2026/09/27 14:46:29.308, 0, 13, 1.18, 3, 16, 300
2026/09/27 14:46:29.821, 0, 13, 1.13, 3, 16, 300
2026/09/27 14:46:30.338, 0, 13, 1.24, 3, 16, 300
2026/09/27 14:46:30.841, 0, 13, 1.13, 3, 16, 300
2026/09/27 14:46:31.359, 0, 13, 1.13, 3, 16, 300
2026/09/27 14:46:31.869, 0, 13, 1.12, 3, 16, 300
2026/09/27 14:46:32.388, 0, 13, 1.17, 3, 16, 300
2026/09/27 14:46:32.904, 0, 13, 1.14, 3, 16, 300
2026/09/27 14:46:33.420, 0, 13, 1.10, 3, 16, 300
2026/09/27 14:46:33.937, 0, 13, 1.24, 3, 16, 300
2026/09/27 14:46:34.455, 0, 13, 1.11, 3, 16, 300
2026/09/27 14:46:34.968, 0, 13, 1.24, 3, 16, 300
2026/09/27 14:46:35.485, 0, 13, 1.10, 3, 16, 300
2026/09/27 14:46:35.998, 0, 13, 1.13, 3, 16, 300
2026/09/27 14:46:36.523, 0, 13, 1.23, 3, 16, 300
2026/09/27 14:46:37.082, 0, 13, 1.13, 3, 16, 300
2026/09/27 14:46:37.588, 0, 13, 1.21, 3, 16, 300
2026/09/27 14:46:38.104, 0, 13, 1.19, 3, 16, 300
2026/09/27 14:46:38.622, 0, 13, 1.15, 3, 16, 300
2026/09/27 14:46:39.137, 0, 13, 1.17, 3, 16, 300
2026/09/27 14:46:39.646, 0, 13, 1.14, 3, 16, 300
2026/09/27 14:46:40.154, 0, 13, 1.17, 3, 16, 300
2026/09/27 14:46:40.668, 0, 13, 1.15, 3, 16, 300
2026/09/27 14:46:41.173, 0, 13, 1.18, 3, 16, 300
2026/09/27 14:46:41.700, 0, 13, 1.18, 3, 16, 300
2026/09/27 14:46:42.206, 0, 13, 1.23, 3, 16, 300
2026/09/27 14:46:42.716, 0, 13, 1.18, 3, 16, 300
2026/09/27 14:46:43.222, 0, 13, 1.18, 3, 16, 300
2026/09/27 14:46:43.738, 0, 13, 1.18, 3, 16, 300
2026/09/27 14:46:44.256, 0, 13, 1.17, 3, 16, 300
2026/09/27 14:46:44.771, 0, 13, 1.19, 3, 16, 300
2026/09/27 14:46:45.288, 0, 13, 1.18, 3, 16, 300
2026/09/27 14:46:45.803, 0, 13, 1.17, 3, 16, 300
2026/09/27 14:46:46.319, 0, 13, 1.17, 3, 16, 300
2026/09/27 14:46:46.828, 0, 13, 1.15, 3, 16, 300
2026/09/27 14:46:47.343, 0, 13, 1.15, 3, 16, 300
2026/09/27 14:46:47.849, 0, 13, 1.14, 3, 16, 300
2026/09/27 14:46:48.355, 0, 13, 1.21, 3, 16, 300
2026/09/27 14:46:48.869, 0, 13, 1.12, 3, 16, 300
2026/09/27 14:46:49.386, 0, 13, 1.22, 3, 16, 300
2026/09/27 14:46:49.903, 0, 13, 1.18, 3, 16, 300
2026/09/27 14:46:50.421, 0, 13, 1.14, 3, 16, 300
2026/09/27 14:46:50.936, 0, 13, 1.17, 3, 16, 300
2026/09/27 14:46:51.449, 0, 13, 1.11, 3, 16, 300
2026/09/27 14:46:51.969, 0, 13, 1.16, 3, 16, 300
2026/09/27 14:46:52.484, 0, 13, 1.16, 3, 16, 300
2026/09/27 14:46:53.002, 0, 13, 1.20, 3, 16, 300
2026/09/27 14:46:53.505, 0, 13, 1.15, 3, 16, 300
2026/09/27 14:46:54.150, 0, 13, 1.22, 3, 16, 300
2026/09/27 14:46:54.655, 0, 13, 1.13, 3, 16, 300
2026/09/27 14:46:55.167, 0, 13, 1.17, 3, 16, 300
2026/09/27 14:46:55.679, 0, 13, 1.10, 3, 16, 300
2026/09/27 14:46:56.185, 0, 13, 1.18, 3, 16, 300
2026/09/27 14:46:56.702, 0, 13, 1.16, 3, 16, 300
2026/09/27 14:46:57.218, 0, 13, 1.32, 3, 16, 300
2026/09/27 14:46:57.722, 0, 13, 1.17, 3, 16, 300
2026/09/27 14:46:58.233, 0, 13, 1.22, 3, 16, 300
2026/09/27 14:46:58.751, 0, 13, 1.13, 3, 16, 300
2026/09/27 14:46:59.257, 0, 13, 1.18, 3, 16, 300
2026/09/27 14:46:59.772, 0, 13, 1.14, 3, 16, 300
2026/09/27 14:47:00.287, 0, 13, 1.18, 3, 16, 300
2026/09/27 14:47:00.803, 0, 13, 1.13, 3, 16, 300
2026/09/27 14:47:01.319, 0, 13, 1.16, 3, 16, 300
2026/09/27 14:47:01.828, 0, 13, 1.14, 3, 16, 300
2026/09/27 14:47:02.335, 0, 13, 1.17, 3, 16, 300
2026/09/27 14:47:02.852, 0, 13, 1.09, 3, 16, 300
2026/09/27 14:47:03.368, 0, 13, 1.18, 3, 16, 300
2026/09/27 14:47:03.920, 0, 13, 1.14, 3, 16, 300
2026/09/27 14:47:04.436, 0, 13, 1.22, 3, 16, 300
2026/09/27 14:47:04.949, 0, 13, 1.19, 3, 16, 300
2026/09/27 14:47:05.467, 0, 13, 1.18, 3, 16, 300
2026/09/27 14:47:05.984, 0, 13, 1.20, 3, 16, 300
2026/09/27 14:47:06.488, 0, 13, 1.12, 3, 16, 300
2026/09/27 14:47:07.008, 0, 13, 1.13, 3, 16, 300
2026/09/27 14:47:07.518, 0, 13, 1.14, 3, 16, 300
2026/09/27 14:47:08.024, 0, 13, 1.11, 3, 16, 300
2026/09/27 14:47:08.534, 0, 13, 1.12, 3, 16, 300
2026/09/27 14:47:09.050, 0, 13, 1.13, 3, 16, 300
2026/09/27 14:47:09.566, 0, 13, 1.16, 3, 16, 300
2026/09/27 14:47:10.073, 0, 13, 1.14, 3, 16, 300
2026/09/27 14:47:10.588, 0, 13, 1.19, 3, 16, 300
2026/09/27 14:47:11.099, 0, 13, 1.10, 3, 16, 300
2026/09/27 14:47:11.617, 0, 13, 1.21, 3, 16, 300
2026/09/27 14:47:12.121, 0, 13, 1.12, 3, 16, 300
2026/09/27 14:47:12.640, 0, 13, 1.21, 3, 16, 300
2026/09/27 14:47:13.152, 0, 13, 1.10, 3, 16, 300
2026/09/27 14:47:13.656, 0, 13, 1.12, 3, 16, 300
2026/09/27 14:47:14.169, 0, 13, 1.21, 3, 16, 300
2026/09/27 14:47:14.683, 0, 13, 1.11, 3, 16, 300
2026/09/27 14:47:15.189, 0, 13, 1.17, 3, 16, 300
2026/09/27 14:47:15.697, 0, 13, 1.17, 3, 16, 300
2026/09/27 14:47:16.202, 0, 13, 1.16, 3, 16, 300
2026/09/27 14:47:16.712, 0, 13, 1.14, 3, 16, 300
2026/09/27 14:47:17.333, 0, 13, 1.21, 3, 16, 300
2026/09/27 14:47:17.844, 0, 13, 1.22, 3, 16, 300
2026/09/27 14:47:18.351, 0, 13, 1.16, 3, 16, 300
2026/09/27 14:47:19.032, 0, 13, 1.21, 3, 16, 300
2026/09/27 14:47:19.848, 0, 13, 1.20, 3, 16, 300
2026/09/27 14:47:21.016, 0, 13, 1.22, 3, 16, 300
2026/09/27 14:47:21.531, 0, 13, 1.11, 3, 16, 300
2026/09/27 14:47:22.047, 0, 13, 1.26, 3, 16, 300
2026/09/27 14:47:22.552, 0, 13, 1.22, 3, 16, 300
2026/09/27 14:47:23.140, 0, 13, 1.15, 3, 16, 300
2026/09/27 14:47:23.660, 0, 13, 1.23, 3, 16, 300
2026/09/27 14:47:24.167, 0, 13, 1.15, 3, 16, 300
2026/09/27 14:47:24.682, 0, 13, 1.17, 3, 16, 300
2026/09/27 14:47:25.201, 0, 13, 1.18, 3, 16, 300
2026/09/27 14:47:25.718, 0, 13, 1.17, 3, 16, 300
2026/09/27 14:47:26.234, 0, 13, 1.20, 3, 16, 300
2026/09/27 14:47:26.753, 0, 13, 1.18, 3, 16, 300
2026/09/27 14:47:27.265, 0, 13, 1.20, 3, 16, 300
2026/09/27 14:47:27.771, 0, 13, 1.18, 3, 16, 300
2026/09/27 14:47:28.281, 0, 13, 1.20, 3, 16, 300
2026/09/27 14:47:28.798, 0, 13, 1.19, 3, 16, 300
2026/09/27 14:47:29.316, 0, 13, 1.23, 3, 16, 300
2026/09/27 14:47:29.833, 0, 13, 1.18, 3, 16, 300
2026/09/27 14:47:30.342, 0, 13, 1.19, 3, 16, 300
2026/09/27 14:47:30.850, 0, 13, 1.21, 3, 16, 300
2026/09/27 14:47:31.356, 0, 13, 1.18, 3, 16, 300
2026/09/27 14:47:31.875, 0, 13, 1.17, 3, 16, 300
2026/09/27 14:47:32.382, 0, 13, 1.17, 3, 16, 300
2026/09/27 14:47:32.900, 0, 13, 1.12, 3, 16, 300
2026/09/27 14:47:33.419, 0, 13, 1.15, 3, 16, 300
2026/09/27 14:47:33.934, 0, 13, 1.15, 3, 16, 300
2026/09/27 14:47:34.448, 0, 13, 1.17, 3, 16, 300
2026/09/27 14:47:34.966, 0, 13, 1.16, 3, 16, 300
2026/09/27 14:47:35.481, 0, 13, 1.17, 3, 16, 300
2026/09/27 14:47:35.992, 0, 13, 1.15, 3, 16, 300
2026/09/27 14:47:36.499, 0, 13, 1.15, 3, 16, 300
2026/09/27 14:47:37.003, 0, 13, 1.20, 3, 16, 300
2026/09/27 14:47:37.516, 0, 13, 1.12, 3, 16, 300
2026/09/27 14:47:38.021, 0, 13, 1.19, 3, 16, 300
2026/09/27 14:47:38.537, 0, 13, 1.11, 3, 16, 300
2026/09/27 14:47:39.048, 0, 13, 1.22, 3, 16, 300
2026/09/27 14:47:39.568, 0, 13, 1.13, 3, 16, 300
2026/09/27 14:47:40.081, 0, 13, 1.22, 3, 16, 300
2026/09/27 14:47:40.596, 0, 13, 1.27, 3, 16, 300
2026/09/27 14:47:41.113, 0, 13, 1.19, 3, 16, 300
2026/09/27 14:47:41.630, 0, 13, 1.28, 3, 16, 300
2026/09/27 14:47:42.145, 0, 13, 1.14, 3, 16, 300
2026/09/27 14:47:42.649, 0, 13, 1.20, 3, 16, 300
2026/09/27 14:47:43.235, 0, 13, 1.15, 3, 16, 300
2026/09/27 14:47:43.747, 0, 13, 1.23, 3, 16, 300
2026/09/27 14:47:44.259, 0, 13, 1.16, 3, 16, 300
2026/09/27 14:47:44.780, 0, 13, 1.19, 3, 16, 300
2026/09/27 14:47:45.284, 0, 13, 1.17, 3, 16, 300
2026/09/27 14:47:45.799, 0, 13, 1.13, 3, 16, 300
2026/09/27 14:47:46.315, 0, 13, 1.21, 3, 16, 300
2026/09/27 14:47:46.830, 0, 13, 1.16, 3, 16, 300
2026/09/27 14:47:47.347, 0, 13, 1.18, 3, 16, 300
2026/09/27 14:47:47.863, 0, 13, 1.21, 3, 16, 300
2026/09/27 14:47:48.378, 0, 13, 1.23, 3, 16, 300
2026/09/27 14:47:48.882, 0, 13, 1.23, 3, 16, 300
2026/09/27 14:47:49.396, 0, 13, 1.23, 3, 16, 300
2026/09/27 14:47:49.962, 0, 13, 1.12, 3, 16, 300
2026/09/27 14:47:50.479, 0, 13, 1.29, 3, 16, 300
2026/09/27 14:47:50.995, 0, 13, 1.21, 3, 16, 300
2026/09/27 14:47:51.511, 0, 13, 1.25, 3, 16, 300
2026/09/27 14:47:52.110, 0, 13, 1.16, 3, 16, 300
2026/09/27 14:47:52.761, 0, 13, 1.25, 3, 16, 300
2026/09/27 14:47:53.712, 0, 13, 1.17, 3, 16, 300
2026/09/27 14:47:54.230, 0, 13, 1.25, 3, 16, 300
2026/09/27 14:47:54.738, 0, 13, 1.19, 3, 16, 300
2026/09/27 14:47:55.246, 0, 13, 1.20, 3, 16, 300
2026/09/27 14:47:55.762, 0, 13, 1.17, 3, 16, 300
2026/09/27 14:47:56.278, 0, 13, 1.28, 3, 16, 300
2026/09/27 14:47:56.877, 0, 13, 1.23, 3, 16, 300
2026/09/27 14:47:57.392, 0, 13, 1.27, 3, 16, 300
2026/09/27 14:47:57.912, 0, 13, 1.26, 3, 16, 300
2026/09/27 14:47:58.428, 0, 13, 1.25, 3, 16, 300
2026/09/27 14:47:58.944, 0, 13, 1.17, 3, 16, 300
2026/09/27 14:47:59.679, 0, 13, 1.13, 3, 16, 300
2026/09/27 14:48:00.245, 0, 13, 1.21, 3, 16, 300
2026/09/27 14:48:00.754, 0, 13, 1.14, 3, 16, 300
2026/09/27 14:48:01.793, 0, 13, 1.17, 3, 16, 300
2026/09/27 14:48:02.446, 0, 13, 1.20, 3, 16, 300
2026/09/27 14:48:03.029, 0, 13, 1.19, 3, 16, 300
2026/09/27 14:48:03.676, 0, 13, 1.22, 3, 16, 300
2026/09/27 14:48:04.193, 0, 13, 1.25, 3, 16, 300
2026/09/27 14:48:04.709, 0, 13, 1.24, 3, 16, 300
2026/09/27 14:48:05.218, 0, 13, 1.25, 3, 16, 300
2026/09/27 14:48:05.726, 0, 13, 1.25, 3, 16, 300
2026/09/27 14:48:06.379, 0, 13, 1.12, 3, 16, 300
2026/09/27 14:48:06.893, 0, 13, 1.20, 3, 16, 300
2026/09/27 14:48:07.397, 0, 13, 1.11, 3, 16, 300
2026/09/27 14:48:07.910, 0, 13, 1.14, 3, 16, 300
2026/09/27 14:48:08.427, 0, 13, 1.11, 3, 16, 300
2026/09/27 14:48:08.941, 0, 13, 1.18, 3, 16, 300
2026/09/27 14:48:09.452, 0, 13, 1.11, 3, 16, 300
2026/09/27 14:48:09.962, 0, 13, 1.12, 3, 16, 300
2026/09/27 14:48:10.468, 0, 13, 1.18, 3, 16, 300
2026/09/27 14:48:10.984, 0, 13, 1.16, 3, 16, 300
2026/09/27 14:48:11.490, 0, 13, 1.14, 3, 16, 300
2026/09/27 14:48:11.995, 0, 13, 1.16, 3, 16, 300
2026/09/27 14:48:12.511, 0, 13, 1.16, 3, 16, 300
2026/09/27 14:48:13.025, 0, 13, 1.12, 3, 16, 300
2026/09/27 14:48:13.544, 0, 21, 1.20, 3, 16, 300
2026/09/27 14:48:14.048, 0, 21, 1.54, 3, 16, 300
2026/09/27 14:48:14.561, 0, 67, 13.88, 3, 16, 1395
2026/09/27 14:48:15.077, 2, 67, 13.97, 3, 16, 1395
2026/09/27 14:48:15.580, 2, 67, 14.00, 3, 16, 1395
2026/09/27 14:48:16.560, 0, 67, 13.98, 3, 16, 1395
2026/09/27 14:48:17.070, 0, 801, 14.39, 3, 16, 1395
2026/09/27 14:48:17.576, 0, 801, 14.09, 3, 16, 1395
2026/09/27 14:48:18.090, 2, 801, 14.07, 3, 16, 1395
2026/09/27 14:48:18.620, 2, 801, 13.98, 3, 16, 1395
2026/09/27 14:48:19.124, 0, 801, 14.09, 3, 16, 1395
2026/09/27 14:48:19.629, 0, 801, 14.24, 3, 16, 1395
2026/09/27 14:48:20.152, 0, 801, 14.08, 3, 16, 1395
2026/09/27 14:48:20.667, 0, 801, 14.05, 3, 16, 330
2026/09/27 14:48:21.176, 0, 801, 1.21, 3, 16, 330
2026/09/27 14:48:21.693, 1, 801, 1.38, 3, 16, 330
2026/09/27 14:48:22.211, 1, 801, 1.33, 3, 16, 330
2026/09/27 14:48:22.727, 2, 801, 1.33, 3, 16, 300
2026/09/27 14:48:23.242, 2, 801, 1.28, 3, 16, 300
2026/09/27 14:48:23.759, 1, 801, 1.36, 3, 16, 300
2026/09/27 14:48:24.276, 1, 801, 1.29, 3, 16, 300
2026/09/27 14:48:24.793, 2, 801, 1.22, 3, 16, 300
2026/09/27 14:48:25.393, 2, 801, 1.15, 3, 16, 300
2026/09/27 14:48:25.903, 0, 801, 1.21, 3, 16, 300
2026/09/27 14:48:26.408, 0, 801, 1.16, 3, 16, 300
2026/09/27 14:48:27.166, 0, 801, 1.24, 3, 16, 300
2026/09/27 14:48:27.674, 2, 801, 1.23, 3, 16, 300
2026/09/27 14:48:28.193, 2, 801, 1.31, 3, 16, 300
2026/09/27 14:48:28.702, 1, 801, 1.26, 3, 16, 300
2026/09/27 14:48:29.311, 1, 801, 1.18, 3, 16, 300
2026/09/27 14:48:29.826, 0, 801, 1.21, 3, 16, 300
2026/09/27 14:48:30.842, 0, 801, 1.29, 3, 16, 300
2026/09/27 14:48:31.358, 0, 801, 1.26, 3, 16, 300
2026/09/27 14:48:31.873, 2, 801, 1.21, 3, 16, 300
2026/09/27 14:48:32.392, 2, 801, 1.23, 3, 16, 300
2026/09/27 14:48:32.895, 0, 801, 1.15, 3, 16, 300
2026/09/27 14:48:33.406, 0, 801, 1.15, 3, 16, 300
2026/09/27 14:48:33.921, 0, 801, 1.16, 3, 16, 300
2026/09/27 14:48:34.424, 0, 801, 1.19, 3, 16, 300
2026/09/27 14:48:34.958, 0, 801, 1.21, 3, 16, 300
2026/09/27 14:48:35.502, 0, 801, 1.17, 3, 16, 300
2026/09/27 14:48:36.009, 1, 801, 1.22, 3, 16, 300
2026/09/27 14:48:36.526, 1, 801, 1.37, 3, 16, 300
2026/09/27 14:48:37.044, 1, 801, 1.23, 3, 16, 300
2026/09/27 14:48:37.558, 1, 801, 1.37, 3, 16, 300
2026/09/27 14:48:38.066, 2, 801, 1.23, 3, 16, 300
2026/09/27 14:48:38.582, 2, 801, 1.30, 3, 16, 300
2026/09/27 14:48:39.088, 2, 801, 1.19, 3, 16, 300
2026/09/27 14:48:39.592, 2, 801, 1.31, 3, 16, 300
2026/09/27 14:48:40.109, 1, 801, 1.23, 3, 16, 300
2026/09/27 14:48:40.623, 1, 801, 1.20, 3, 16, 300
2026/09/27 14:48:41.144, 1, 801, 1.26, 3, 16, 300
2026/09/27 14:48:41.658, 1, 801, 1.24, 3, 16, 300
2026/09/27 14:48:42.175, 2, 801, 1.21, 3, 16, 300
2026/09/27 14:48:42.691, 1, 823, 1.32, 3, 16, 300
2026/09/27 14:48:43.209, 1, 843, 1.22, 3, 16, 300
2026/09/27 14:48:43.715, 2, 863, 1.29, 3, 16, 300
2026/09/27 14:48:44.229, 2, 903, 1.38, 3, 16, 300
2026/09/27 14:48:44.747, 3, 923, 1.45, 3, 16, 300
2026/09/27 14:48:45.258, 3, 963, 1.35, 3, 16, 300
2026/09/27 14:48:45.775, 3, 1003, 1.33, 3, 16, 300
2026/09/27 14:48:46.292, 3, 1023, 1.16, 3, 16, 300
2026/09/27 14:48:46.807, 3, 1043, 1.46, 3, 16, 300
2026/09/27 14:48:47.325, 3, 1083, 1.19, 3, 16, 300
2026/09/27 14:48:47.842, 3, 1123, 1.45, 3, 16, 300
2026/09/27 14:48:48.349, 3, 1143, 1.54, 3, 16, 300
2026/09/27 14:48:48.863, 3, 1165, 1.54, 3, 16, 300
2026/09/27 14:48:49.372, 3, 1167, 1.14, 3, 16, 300
2026/09/27 14:48:49.886, 0, 1187, 1.25, 3, 16, 300
2026/09/27 14:48:50.390, 0, 1215, 1.39, 3, 16, 300
2026/09/27 14:48:50.894, 6, 1605, 2.35, 3, 16, 330
2026/09/27 14:48:51.402, 6, 1605, 1.20, 3, 16, 555
2026/09/27 14:48:51.907, 21, 1605, 1.19, 3, 16, 555
2026/09/27 14:48:52.425, 21, 1605, 1.19, 3, 16, 555
2026/09/27 14:48:52.942, 0, 1605, 1.13, 3, 16, 300
2026/09/27 14:48:53.457, 0, 1605, 1.19, 3, 16, 300
2026/09/27 14:48:53.963, 0, 1605, 1.31, 3, 16, 300
2026/09/27 14:48:54.478, 0, 1605, 1.17, 3, 16, 300
2026/09/27 14:48:54.991, 0, 1605, 1.32, 3, 16, 300
2026/09/27 14:48:55.508, 0, 1605, 1.12, 3, 16, 300
2026/09/27 14:48:56.023, 0, 1605, 1.24, 3, 16, 300
2026/09/27 14:48:56.539, 0, 1605, 1.11, 3, 16, 300
2026/09/27 14:48:57.058, 0, 1605, 1.28, 3, 16, 300
2026/09/27 14:48:57.572, 0, 1605, 1.19, 3, 16, 300
2026/09/27 14:48:58.089, 0, 1605, 1.16, 3, 16, 300
2026/09/27 14:48:58.606, 0, 1605, 1.17, 3, 16, 300
2026/09/27 14:48:59.124, 0, 1605, 1.23, 3, 16, 300
2026/09/27 14:48:59.631, 0, 1605, 1.22, 3, 16, 300
2026/09/27 14:49:00.145, 0, 1605, 1.22, 3, 16, 300
2026/09/27 14:49:00.656, 0, 1605, 1.23, 3, 16, 300
2026/09/27 14:49:01.160, 0, 1605, 1.22, 3, 16, 300
2026/09/27 14:49:01.672, 0, 1605, 1.18, 3, 16, 300
2026/09/27 14:49:02.192, 0, 1605, 1.18, 3, 16, 300
2026/09/27 14:49:02.706, 0, 1605, 1.13, 3, 16, 300
2026/09/27 14:49:03.223, 0, 1605, 1.22, 3, 16, 300
2026/09/27 14:49:03.737, 0, 1605, 1.20, 3, 16, 300
2026/09/27 14:49:04.255, 0, 1605, 1.26, 3, 16, 300
2026/09/27 14:49:04.763, 0, 1605, 1.15, 3, 16, 300
2026/09/27 14:49:05.278, 0, 2607, 1.40, 3, 16, 330
2026/09/27 14:49:05.787, 11, 2607, 1.28, 3, 16, 330
2026/09/27 14:49:06.291, 11, 2607, 1.16, 3, 16, 330
2026/09/27 14:49:06.806, 1, 2607, 1.21, 3, 16, 300
2026/09/27 14:49:07.324, 1, 2607, 1.16, 3, 16, 300
2026/09/27 14:49:07.838, 0, 2607, 1.20, 3, 16, 300
2026/09/27 14:49:08.352, 0, 2607, 1.17, 3, 16, 300
2026/09/27 14:49:08.869, 1, 2607, 1.22, 3, 16, 300
2026/09/27 14:49:09.374, 1, 2607, 1.19, 3, 16, 300
2026/09/27 14:49:09.890, 1, 2607, 1.16, 3, 16, 300
2026/09/27 14:49:10.404, 1, 2607, 1.18, 3, 16, 300
2026/09/27 14:49:10.909, 1, 2607, 1.17, 3, 16, 300
2026/09/27 14:49:11.419, 1, 2607, 1.27, 3, 16, 300
2026/09/27 14:49:11.935, 0, 2607, 1.21, 3, 16, 300
2026/09/27 14:49:12.454, 0, 2607, 1.31, 3, 16, 300
2026/09/27 14:49:12.969, 0, 2607, 1.12, 3, 16, 300
2026/09/27 14:49:13.536, 0, 2607, 1.09, 3, 16, 300
2026/09/27 14:49:14.060, 0, 2607, 1.24, 3, 16, 300
2026/09/27 14:49:14.589, 0, 2607, 1.12, 3, 16, 300
2026/09/27 14:49:15.105, 1, 2607, 1.14, 3, 16, 300
2026/09/27 14:49:15.622, 1, 2607, 1.44, 3, 16, 300
2026/09/27 14:49:16.128, 1, 2607, 1.13, 3, 16, 300
2026/09/27 14:49:16.640, 1, 2607, 1.28, 3, 16, 300
2026/09/27 14:49:17.150, 2, 2607, 1.15, 3, 16, 300
2026/09/27 14:49:17.653, 2, 2607, 1.24, 3, 16, 300
2026/09/27 14:49:18.167, 0, 2607, 1.13, 3, 16, 300
2026/09/27 14:49:18.670, 0, 2607, 1.26, 3, 16, 300
2026/09/27 14:49:19.174, 0, 2607, 1.14, 3, 16, 300
2026/09/27 14:49:19.687, 0, 2607, 1.24, 3, 16, 300
2026/09/27 14:49:20.193, 0, 2607, 1.14, 3, 16, 300
2026/09/27 14:49:20.702, 0, 2607, 1.26, 3, 16, 300
2026/09/27 14:49:21.217, 0, 2607, 1.19, 3, 16, 300
2026/09/27 14:49:21.720, 0, 2607, 1.12, 3, 16, 300
2026/09/27 14:49:22.236, 0, 2607, 1.24, 3, 16, 300
2026/09/27 14:49:22.747, 0, 2607, 1.15, 3, 16, 300
2026/09/27 14:49:23.251, 0, 2607, 1.18, 3, 16, 300
2026/09/27 14:49:23.769, 0, 2607, 1.09, 3, 16, 300
2026/09/27 14:49:24.286, 0, 2607, 1.20, 3, 16, 300
2026/09/27 14:49:24.803, 0, 2607, 1.16, 3, 16, 300
2026/09/27 14:49:25.314, 0, 2607, 1.18, 3, 16, 300
2026/09/27 14:49:25.820, 0, 2607, 1.20, 3, 16, 300
2026/09/27 14:49:26.326, 0, 2607, 1.14, 3, 16, 300
2026/09/27 14:49:26.845, 0, 2607, 1.19, 3, 16, 300
2026/09/27 14:49:27.354, 0, 2607, 1.16, 3, 16, 300
2026/09/27 14:49:27.861, 0, 2607, 1.19, 3, 16, 300
2026/09/27 14:49:29.721, 0, 2607, 1.24, 3, 16, 300
2026/09/27 14:49:30.235, 0, 2607, 1.20, 3, 16, 300
2026/09/27 14:49:30.750, 0, 2607, 1.18, 3, 16, 300
2026/09/27 14:49:31.412, 0, 2607, 1.10, 3, 16, 300
2026/09/27 14:49:31.921, 0, 2607, 1.20, 3, 16, 300
2026/09/27 14:49:32.431, 0, 2607, 1.19, 3, 16, 300
2026/09/27 14:49:32.937, 0, 2607, 1.14, 3, 16, 300
2026/09/27 14:49:33.451, 0, 2607, 1.17, 3, 16, 300
2026/09/27 14:49:34.067, 0, 2607, 1.16, 3, 16, 300
2026/09/27 14:49:34.585, 0, 2607, 1.20, 3, 16, 300
2026/09/27 14:49:35.101, 0, 2607, 1.21, 3, 16, 300
2026/09/27 14:49:35.617, 0, 2607, 1.12, 3, 16, 300
2026/09/27 14:49:36.140, 0, 2607, 1.13, 3, 16, 300
2026/09/27 14:49:36.654, 0, 2607, 1.27, 3, 16, 300
2026/09/27 14:49:37.169, 1, 2607, 1.32, 3, 16, 300
2026/09/27 14:49:37.674, 1, 2607, 1.41, 3, 16, 300
2026/09/27 14:49:38.187, 1, 2607, 1.14, 3, 16, 300
2026/09/27 14:49:38.705, 1, 2607, 1.42, 3, 16, 300
2026/09/27 14:49:39.220, 1, 2607, 1.11, 3, 16, 300
2026/09/27 14:49:39.731, 1, 2607, 1.26, 3, 16, 300
2026/09/27 14:49:40.253, 0, 2607, 1.17, 3, 16, 300
2026/09/27 14:49:40.764, 0, 2607, 1.12, 3, 16, 300
2026/09/27 14:49:41.282, 1, 2607, 1.18, 3, 16, 300
2026/09/27 14:49:41.795, 1, 2607, 1.11, 3, 16, 300
2026/09/27 14:49:42.302, 1, 2607, 1.32, 3, 16, 300
2026/09/27 14:49:42.816, 1, 2607, 1.10, 3, 16, 300
2026/09/27 14:49:43.330, 1, 2607, 1.18, 3, 16, 300
2026/09/27 14:49:43.834, 0, 2607, 1.13, 3, 16, 300
2026/09/27 14:49:44.349, 0, 2607, 1.12, 3, 16, 300
2026/09/27 14:49:44.866, 0, 2607, 1.17, 3, 16, 300
2026/09/27 14:49:45.384, 0, 2607, 1.16, 3, 16, 300
2026/09/27 14:49:45.902, 1, 2607, 1.26, 3, 16, 300
2026/09/27 14:49:46.417, 1, 2607, 1.13, 3, 16, 300
2026/09/27 14:49:46.924, 1, 2607, 1.37, 3, 16, 300
2026/09/27 14:49:47.439, 1, 2607, 1.12, 3, 16, 300
2026/09/27 14:49:47.948, 1, 2607, 1.19, 3, 16, 300
2026/09/27 14:49:48.464, 1, 2607, 1.18, 3, 16, 300
2026/09/27 14:49:49.018, 0, 2607, 1.12, 3, 16, 300
2026/09/27 14:49:49.533, 0, 2607, 1.22, 3, 16, 300
2026/09/27 14:49:50.044, 1, 2607, 1.18, 3, 16, 300
2026/09/27 14:49:50.549, 1, 2607, 1.19, 3, 16, 300
2026/09/27 14:49:51.057, 0, 2607, 1.21, 3, 16, 300
2026/09/27 14:49:51.567, 0, 2607, 1.10, 3, 16, 300
2026/09/27 14:49:52.083, 1, 2607, 1.17, 3, 16, 300
2026/09/27 14:49:52.601, 1, 2607, 1.14, 3, 16, 300
2026/09/27 14:49:53.114, 1, 2607, 1.18, 3, 16, 300
2026/09/27 14:49:53.626, 1, 2607, 1.14, 3, 16, 300
2026/09/27 14:49:54.144, 0, 2607, 1.17, 3, 16, 300
2026/09/27 14:49:54.649, 0, 2607, 1.13, 3, 16, 300
2026/09/27 14:49:55.164, 0, 2607, 1.25, 3, 16, 300
2026/09/27 14:49:55.668, 0, 2607, 1.27, 3, 16, 300
2026/09/27 14:49:56.184, 0, 2607, 1.20, 3, 16, 300
2026/09/27 14:49:56.700, 0, 2607, 1.33, 3, 16, 300
2026/09/27 14:49:57.216, 0, 2607, 1.22, 3, 16, 300
2026/09/27 14:49:57.720, 0, 2607, 1.43, 3, 16, 300
2026/09/27 14:49:58.231, 0, 2607, 1.15, 3, 16, 300
2026/09/27 14:49:58.749, 0, 2607, 1.30, 3, 16, 300
2026/09/27 14:49:59.266, 0, 2607, 1.15, 3, 16, 300
2026/09/27 14:49:59.905, 0, 2607, 1.21, 3, 16, 300
2026/09/27 14:50:00.427, 0, 2607, 1.15, 3, 16, 300
2026/09/27 14:50:00.932, 0, 2607, 1.21, 3, 16, 300
2026/09/27 14:50:01.446, 0, 2607, 1.13, 3, 16, 300
2026/09/27 14:50:01.965, 1, 2607, 1.27, 3, 16, 300
2026/09/27 14:50:02.483, 1, 2607, 1.17, 3, 16, 300
2026/09/27 14:50:02.988, 2, 2607, 1.15, 3, 16, 300
2026/09/27 14:50:03.501, 2, 2607, 1.16, 3, 16, 300
2026/09/27 14:50:04.012, 1, 2607, 1.14, 3, 16, 300
2026/09/27 14:50:04.521, 1, 2607, 1.34, 3, 16, 300
2026/09/27 14:50:05.034, 1, 2607, 1.13, 3, 16, 300
2026/09/27 14:50:05.550, 1, 2607, 1.36, 3, 16, 300
2026/09/27 14:50:06.067, 1, 2607, 1.29, 3, 16, 300
2026/09/27 14:50:06.582, 1, 2607, 1.17, 3, 16, 300
2026/09/27 14:50:07.331, 1, 2607, 1.18, 3, 16, 300
2026/09/27 14:50:07.848, 0, 2607, 1.15, 3, 16, 300
2026/09/27 14:50:08.365, 0, 2607, 1.17, 3, 16, 300
2026/09/27 14:50:08.880, 0, 2607, 1.17, 3, 16, 300
2026/09/27 14:50:09.548, 0, 2607, 1.21, 3, 16, 300
2026/09/27 14:50:10.066, 0, 2607, 1.13, 3, 16, 300
2026/09/27 14:50:10.570, 0, 2607, 1.26, 3, 16, 300
2026/09/27 14:50:11.082, 0, 2607, 1.20, 3, 16, 300
2026/09/27 14:50:11.587, 0, 2607, 1.17, 3, 16, 300
2026/09/27 14:50:12.214, 0, 2607, 1.14, 3, 16, 300
2026/09/27 14:50:12.719, 0, 2607, 1.34, 3, 16, 300
2026/09/27 14:50:13.230, 0, 2607, 1.13, 3, 16, 300
2026/09/27 14:50:13.749, 0, 2607, 1.24, 3, 16, 300
2026/09/27 14:50:14.264, 0, 2607, 1.13, 3, 16, 300
2026/09/27 14:50:14.963, 0, 2607, 1.17, 3, 16, 300
2026/09/27 14:50:15.467, 0, 2607, 1.18, 3, 16, 300
2026/09/27 14:50:15.980, 0, 2607, 1.27, 3, 16, 300
2026/09/27 14:50:16.497, 0, 2607, 1.10, 3, 16, 300
2026/09/27 14:50:17.021, 0, 2607, 1.17, 3, 16, 300
2026/09/27 14:50:17.550, 0, 2607, 1.21, 3, 16, 300
2026/09/27 14:50:18.099, 1, 2607, 1.11, 3, 16, 300
2026/09/27 14:50:18.620, 1, 2607, 1.10, 3, 16, 300
2026/09/27 14:50:19.149, 1, 2607, 1.18, 3, 16, 300
2026/09/27 14:50:19.664, 1, 2607, 1.10, 3, 16, 300
2026/09/27 14:50:20.170, 2, 2607, 1.18, 3, 16, 300
2026/09/27 14:50:20.676, 2, 2607, 1.32, 3, 16, 300
2026/09/27 14:50:21.180, 2, 2607, 1.16, 3, 16, 300
2026/09/27 14:50:21.686, 2, 2607, 1.32, 3, 16, 300
2026/09/27 14:50:22.192, 3, 2607, 1.16, 3, 16, 300
2026/09/27 14:50:22.698, 3, 2607, 1.16, 3, 16, 300
2026/09/27 14:50:23.202, 1, 2607, 1.28, 3, 16, 300
2026/09/27 14:50:23.712, 1, 2607, 1.19, 3, 16, 300
2026/09/27 14:50:24.231, 1, 2607, 1.17, 3, 16, 300
2026/09/27 14:50:24.738, 1, 2607, 1.22, 3, 16, 300
2026/09/27 14:50:25.245, 1, 2607, 1.11, 3, 16, 300
2026/09/27 14:50:25.754, 1, 2607, 1.21, 3, 16, 300
2026/09/27 14:50:26.263, 0, 2607, 1.14, 3, 16, 300
2026/09/27 14:50:26.783, 0, 2607, 1.37, 3, 16, 300
2026/09/27 14:50:27.299, 0, 2607, 1.13, 3, 16, 300
2026/09/27 14:50:27.814, 0, 2607, 1.44, 3, 16, 300
2026/09/27 14:50:28.327, 1, 2607, 1.22, 3, 16, 300
2026/09/27 14:50:28.831, 1, 2607, 1.17, 3, 16, 300
2026/09/27 14:50:29.346, 1, 2607, 1.36, 3, 16, 300
2026/09/27 14:50:29.863, 1, 2607, 1.17, 3, 16, 300
2026/09/27 14:50:30.380, 0, 2607, 1.15, 3, 16, 300
2026/09/27 14:50:30.900, 0, 2607, 1.19, 3, 16, 300
2026/09/27 14:50:31.416, 0, 2607, 1.18, 3, 16, 300
2026/09/27 14:50:31.924, 1, 2607, 1.38, 3, 16, 300
2026/09/27 14:50:32.429, 1, 2607, 1.35, 3, 16, 300
2026/09/27 14:50:32.945, 2, 2607, 1.36, 3, 16, 300
2026/09/27 14:50:33.462, 2, 2607, 1.17, 3, 16, 300
2026/09/27 14:50:33.979, 4, 2607, 1.78, 3, 16, 300
2026/09/27 14:50:34.497, 4, 2607, 1.26, 3, 16, 300
2026/09/27 14:50:35.015, 2, 2607, 1.51, 3, 16, 300
2026/09/27 14:50:35.524, 2, 2607, 1.63, 3, 16, 300
2026/09/27 14:50:36.037, 2, 2607, 1.47, 3, 16, 300
2026/09/27 14:50:36.547, 2, 2607, 1.51, 3, 16, 300
2026/09/27 14:50:37.066, 4, 2607, 1.23, 3, 16, 300
2026/09/27 14:50:37.577, 4, 2607, 1.19, 3, 16, 300
2026/09/27 14:50:38.096, 3, 2607, 1.12, 3, 16, 300
2026/09/27 14:50:38.613, 3, 2607, 1.85, 3, 16, 300
2026/09/27 14:50:39.129, 4, 2607, 1.11, 3, 16, 300
2026/09/27 14:50:39.647, 4, 2607, 1.18, 3, 16, 300
2026/09/27 14:50:40.162, 1, 2607, 1.15, 3, 16, 300
2026/09/27 14:50:40.682, 1, 2607, 1.17, 3, 16, 300
2026/09/27 14:50:41.200, 3, 2607, 1.52, 3, 16, 300
2026/09/27 14:50:41.713, 3, 2607, 1.52, 3, 16, 300
2026/09/27 14:50:42.232, 3, 2607, 1.33, 3, 16, 300
2026/09/27 14:50:42.747, 3, 2607, 1.23, 3, 16, 300
2026/09/27 14:50:43.263, 1, 2607, 1.17, 3, 16, 300
2026/09/27 14:50:43.778, 1, 2607, 1.16, 3, 16, 300
2026/09/27 14:50:44.293, 0, 2607, 1.23, 3, 16, 300
2026/09/27 14:50:44.812, 0, 2607, 1.18, 3, 16, 300
2026/09/27 14:50:45.330, 0, 2607, 1.10, 3, 16, 300
2026/09/27 14:50:45.847, 0, 2607, 1.15, 3, 16, 300
2026/09/27 14:50:46.363, 0, 2607, 1.10, 3, 16, 300
2026/09/27 14:50:46.882, 0, 2607, 1.38, 3, 16, 300
2026/09/27 14:50:47.390, 1, 2607, 1.21, 3, 16, 300
2026/09/27 14:50:47.905, 1, 2607, 1.66, 3, 16, 300
2026/09/27 14:50:48.427, 2, 2607, 1.11, 3, 16, 300
2026/09/27 14:50:48.993, 0, 2607, 1.22, 3, 16, 300
2026/09/27 14:50:49.527, 0, 2607, 1.15, 3, 16, 300
2026/09/27 14:50:50.044, 0, 2627, 1.27, 3, 16, 300
2026/09/27 14:50:50.561, 0, 2627, 1.24, 3, 16, 300
2026/09/27 14:50:51.077, 0, 2627, 1.20, 3, 16, 300
2026/09/27 14:50:51.594, 0, 2627, 1.36, 3, 16, 300
2026/09/27 14:50:52.117, 0, 2627, 1.26, 3, 16, 300
2026/09/27 14:50:52.641, 0, 2643, 1.16, 3, 16, 300
2026/09/27 14:50:53.152, 1, 2663, 1.31, 3, 16, 300
2026/09/27 14:50:53.665, 1, 2663, 1.18, 3, 16, 300
2026/09/27 14:50:54.178, 2, 2683, 1.12, 3, 16, 300
2026/09/27 14:50:54.694, 2, 2715, 1.28, 3, 16, 300
2026/09/27 14:50:55.212, 3, 2755, 1.18, 3, 16, 300
2026/09/27 14:50:55.726, 3, 2771, 1.12, 3, 16, 300
2026/09/27 14:50:56.243, 2, 2771, 1.23, 3, 16, 300
2026/09/27 14:50:56.760, 2, 2791, 1.52, 3, 16, 300
2026/09/27 14:50:57.265, 2, 2843, 1.18, 3, 16, 300
2026/09/27 14:50:57.779, 2, 2883, 1.30, 3, 16, 300
2026/09/27 14:50:58.293, 4, 2919, 1.22, 3, 16, 300
2026/09/27 14:50:58.805, 4, 2919, 1.20, 3, 16, 300
2026/09/27 14:50:59.317, 1, 2971, 1.48, 3, 16, 300
2026/09/27 14:50:59.824, 1, 2971, 1.19, 3, 16, 300
2026/09/27 14:51:00.340, 4, 2991, 1.15, 3, 16, 300
2026/09/27 14:51:00.858, 4, 3011, 1.17, 3, 16, 300
2026/09/27 14:51:01.376, 1, 3011, 1.15, 3, 16, 300
2026/09/27 14:51:01.884, 1, 3011, 1.15, 3, 16, 300
2026/09/27 14:51:02.392, 0, 3011, 1.23, 3, 16, 300
2026/09/27 14:51:02.897, 0, 3011, 1.16, 3, 16, 300
2026/09/27 14:51:03.411, 0, 3011, 1.11, 3, 16, 300
2026/09/27 14:51:03.930, 0, 3027, 1.14, 3, 16, 300
2026/09/27 14:51:04.438, 1, 3027, 1.22, 3, 16, 300
2026/09/27 14:51:04.942, 1, 3027, 1.16, 3, 16, 300
2026/09/27 14:51:05.461, 0, 3027, 1.22, 3, 16, 300
2026/09/27 14:51:05.975, 0, 3027, 1.16, 3, 16, 300
2026/09/27 14:51:06.479, 0, 3027, 1.20, 3, 16, 300
2026/09/27 14:51:06.994, 0, 3027, 1.15, 3, 16, 300
2026/09/27 14:51:07.509, 0, 3027, 1.23, 3, 16, 300
2026/09/27 14:51:08.027, 0, 3027, 1.19, 3, 16, 300
2026/09/27 14:51:08.543, 0, 3027, 1.25, 3, 16, 300
2026/09/27 14:51:09.325, 0, 3027, 1.18, 3, 16, 300
2026/09/27 14:51:09.828, 0, 3027, 1.20, 3, 16, 300
2026/09/27 14:51:10.333, 0, 3027, 1.13, 3, 16, 300
2026/09/27 14:51:10.842, 0, 3027, 1.26, 3, 16, 300
2026/09/27 14:51:11.361, 0, 3027, 1.15, 3, 16, 300
2026/09/27 14:51:11.908, 0, 3027, 1.27, 3, 16, 300
2026/09/27 14:51:12.413, 0, 3027, 1.17, 3, 16, 300
2026/09/27 14:51:12.924, 0, 3027, 1.22, 3, 16, 300
2026/09/27 14:51:13.441, 0, 3027, 1.25, 3, 16, 300
2026/09/27 14:51:13.945, 0, 3027, 1.15, 3, 16, 300
2026/09/27 14:51:14.459, 0, 3027, 1.29, 3, 16, 300
2026/09/27 14:51:14.974, 0, 3027, 1.16, 3, 16, 300
2026/09/27 14:51:15.489, 0, 3027, 1.23, 3, 16, 300
2026/09/27 14:51:16.000, 0, 3027, 1.17, 3, 16, 300
2026/09/27 14:51:16.509, 0, 3027, 1.18, 3, 16, 300
2026/09/27 14:51:17.024, 0, 3027, 1.15, 3, 16, 300
2026/09/27 14:51:17.543, 0, 3027, 1.25, 3, 16, 300
2026/09/27 14:51:18.059, 0, 3027, 1.17, 3, 16, 300
2026/09/27 14:51:18.576, 0, 3027, 1.24, 3, 16, 300
2026/09/27 14:51:19.091, 0, 3027, 1.17, 3, 16, 300
2026/09/27 14:51:19.602, 0, 3027, 1.24, 3, 16, 300
2026/09/27 14:51:20.107, 0, 3027, 1.18, 3, 16, 300
2026/09/27 14:51:20.623, 0, 3027, 1.25, 3, 16, 300
2026/09/27 14:51:21.140, 0, 3027, 1.14, 3, 16, 300
2026/09/27 14:51:21.658, 0, 3027, 1.16, 3, 16, 300
2026/09/27 14:51:22.175, 0, 3027, 1.12, 3, 16, 300
2026/09/27 14:51:22.729, 0, 3027, 1.20, 3, 16, 300
2026/09/27 14:51:23.240, 0, 3027, 1.15, 3, 16, 300
2026/09/27 14:51:23.757, 0, 3027, 1.14, 3, 16, 300
2026/09/27 14:51:24.263, 0, 3027, 1.23, 3, 16, 300
2026/09/27 14:51:24.775, 0, 3027, 1.11, 3, 16, 300
2026/09/27 14:51:25.291, 0, 3027, 1.23, 3, 16, 300
2026/09/27 14:51:25.800, 0, 3027, 1.12, 3, 16, 300
2026/09/27 14:51:26.305, 0, 3027, 1.17, 3, 16, 300
2026/09/27 14:51:26.820, 0, 3027, 1.16, 3, 16, 300
2026/09/27 14:51:27.324, 0, 3027, 1.15, 3, 16, 300
2026/09/27 14:51:27.840, 0, 3027, 1.17, 3, 16, 300
2026/09/27 14:51:28.357, 0, 3027, 1.16, 3, 16, 300
2026/09/27 14:51:28.876, 0, 3027, 1.18, 3, 16, 300
2026/09/27 14:51:29.385, 0, 3027, 1.33, 3, 16, 300
2026/09/27 14:51:29.890, 0, 3027, 1.25, 3, 16, 300
2026/09/27 14:51:30.406, 0, 3027, 1.20, 3, 16, 300
2026/09/27 14:51:30.989, 0, 3027, 1.17, 3, 16, 300
2026/09/27 14:51:31.504, 0, 3027, 1.33, 3, 16, 300
2026/09/27 14:51:32.022, 0, 3027, 1.25, 3, 16, 300
2026/09/27 14:51:32.537, 0, 3027, 1.30, 3, 16, 300
2026/09/27 14:51:33.054, 0, 3027, 1.18, 3, 16, 300
2026/09/27 14:51:33.568, 0, 3027, 1.17, 3, 16, 300
2026/09/27 14:51:34.083, 0, 3027, 1.23, 3, 16, 300
2026/09/27 14:51:34.592, 0, 3027, 1.14, 3, 16, 300
2026/09/27 14:51:35.190, 0, 3027, 1.18, 3, 16, 300
2026/09/27 14:51:35.707, 0, 3027, 1.17, 3, 16, 300
2026/09/27 14:51:36.222, 0, 3027, 1.19, 3, 16, 300
2026/09/27 14:51:36.739, 0, 3027, 1.20, 3, 16, 300
2026/09/27 14:51:37.254, 0, 3027, 1.18, 3, 16, 300
2026/09/27 14:51:37.872, 0, 3027, 1.16, 3, 16, 300
2026/09/27 14:51:38.390, 0, 3027, 1.13, 3, 16, 300
2026/09/27 14:51:38.910, 0, 3027, 1.15, 3, 16, 300
2026/09/27 14:51:39.421, 0, 3027, 1.15, 3, 16, 300
2026/09/27 14:51:39.926, 0, 3027, 1.17, 3, 16, 300
2026/09/27 14:51:40.613, 0, 3027, 1.12, 3, 16, 300
2026/09/27 14:51:41.121, 0, 3027, 1.20, 3, 16, 300
2026/09/27 14:51:41.637, 0, 3027, 1.12, 3, 16, 300
2026/09/27 14:51:42.153, 0, 3027, 1.21, 3, 16, 300
2026/09/27 14:51:42.659, 0, 3027, 1.27, 3, 16, 300
2026/09/27 14:51:43.386, 0, 3027, 1.24, 3, 16, 300
2026/09/27 14:51:43.895, 0, 3027, 1.31, 3, 16, 300
2026/09/27 14:51:44.405, 0, 3027, 1.13, 3, 16, 300
2026/09/27 14:51:44.917, 0, 3027, 1.22, 3, 16, 300
2026/09/27 14:51:45.428, 0, 3027, 1.17, 3, 16, 300
2026/09/27 14:51:45.938, 0, 3027, 1.16, 3, 16, 300
2026/09/27 14:51:46.456, 0, 3027, 1.41, 3, 16, 300
2026/09/27 14:51:46.969, 0, 3027, 1.21, 3, 16, 300
2026/09/27 14:51:47.564, 1, 3027, 1.15, 3, 16, 300
2026/09/27 14:51:48.109, 0, 3027, 1.17, 3, 16, 300
2026/09/27 14:51:48.617, 0, 3027, 1.15, 3, 16, 300
2026/09/27 14:51:49.130, 0, 3027, 1.18, 3, 16, 300
2026/09/27 14:51:49.637, 0, 3027, 1.11, 3, 16, 300
2026/09/27 14:51:50.155, 0, 3027, 1.23, 3, 16, 300
2026/09/27 14:51:50.670, 0, 3027, 1.12, 3, 16, 300
2026/09/27 14:51:51.187, 0, 3027, 1.21, 3, 16, 300
2026/09/27 14:51:51.705, 0, 3027, 1.62, 3, 16, 300
2026/09/27 14:51:52.220, 1, 3027, 1.11, 3, 16, 300
2026/09/27 14:51:52.724, 1, 3027, 1.35, 3, 16, 300
2026/09/27 14:51:53.237, 0, 3027, 1.15, 3, 16, 300
2026/09/27 14:51:53.755, 0, 3027, 1.32, 3, 16, 300
2026/09/27 14:51:54.271, 1, 3027, 1.19, 3, 16, 300
2026/09/27 14:51:54.785, 1, 3027, 1.16, 3, 16, 300
2026/09/27 14:51:55.298, 0, 3027, 1.18, 3, 16, 300
2026/09/27 14:51:55.804, 0, 3055, 1.15, 3, 16, 300
2026/09/27 14:51:56.315, 0, 3075, 1.13, 3, 16, 300
2026/09/27 14:51:56.821, 0, 3075, 1.17, 3, 16, 300
2026/09/27 14:51:57.327, 13, 3075, 16.75, 3, 16, 1395
2026/09/27 14:51:57.833, 13, 3077, 14.11, 3, 16, 1395
2026/09/27 14:51:58.336, 25, 3077, 14.14, 3, 16, 1395
2026/09/27 14:51:58.840, 25, 3077, 14.01, 3, 16, 1395
2026/09/27 14:51:59.355, 0, 3077, 3.69, 3, 16, 345
2026/09/27 14:51:59.864, 0, 3077, 6.35, 3, 16, 1395
2026/09/27 14:52:00.370, 30, 3081, 42.12, 3, 16, 1860
2026/09/27 14:52:00.877, 30, 3085, 32.85, 3, 16, 1860
2026/09/27 14:52:01.387, 56, 3087, 32.27, 3, 16, 1860
2026/09/27 14:52:01.906, 56, 3089, 34.31, 3, 16, 1860
2026/09/27 14:52:02.419, 42, 3095, 34.73, 3, 16, 1860
2026/09/27 14:52:02.934, 42, 3095, 21.04, 3, 16, 1860
2026/09/27 14:52:03.436, 38, 3099, 31.90, 3, 16, 1860
2026/09/27 14:52:03.948, 38, 3099, 24.94, 3, 16, 1860
2026/09/27 14:52:04.462, 26, 3103, 36.42, 3, 16, 1860
2026/09/27 14:52:05.036, 26, 3103, 39.99, 3, 16, 1860
2026/09/27 14:52:05.552, 27, 3109, 42.19, 3, 16, 1860
2026/09/27 14:52:06.056, 27, 3113, 19.38, 3, 16, 1860
2026/09/27 14:52:06.567, 34, 3113, 25.36, 3, 16, 1860
2026/09/27 14:52:07.103, 23, 3113, 30.82, 3, 16, 1860
2026/09/27 14:52:07.654, 23, 3113, 31.23, 3, 16, 1860
2026/09/27 14:52:08.170, 44, 3127, 19.67, 3, 16, 1860
2026/09/27 14:52:08.683, 44, 3195, 45.07, 3, 16, 1830
2026/09/27 14:52:09.191, 48, 3195, 38.86, 3, 16, 1860
2026/09/27 14:52:09.703, 48, 3195, 44.69, 3, 16, 1860
2026/09/27 14:52:10.219, 56, 3195, 40.83, 3, 16, 1860
2026/09/27 14:52:10.736, 56, 3195, 42.33, 3, 16, 1845
2026/09/27 14:52:11.240, 60, 3195, 39.77, 3, 16, 1845
2026/09/27 14:52:11.752, 60, 3195, 34.84, 3, 16, 1845
2026/09/27 14:52:12.268, 59, 3195, 39.47, 3, 16, 1845
2026/09/27 14:52:12.785, 59, 3235, 37.82, 3, 16, 1845
2026/09/27 14:52:13.303, 48, 3235, 48.08, 3, 16, 1845
2026/09/27 14:52:13.807, 48, 3255, 33.39, 3, 16, 1845
2026/09/27 14:52:14.319, 63, 3255, 28.98, 3, 16, 1845
2026/09/27 14:52:14.825, 63, 3255, 36.52, 3, 16, 1845
2026/09/27 14:52:15.337, 48, 3275, 42.24, 3, 16, 1845
2026/09/27 14:52:15.851, 48, 3275, 35.56, 3, 16, 1845
2026/09/27 14:52:16.358, 53, 3275, 36.01, 3, 16, 1845
2026/09/27 14:52:16.871, 53, 3275, 38.69, 3, 16, 1845
2026/09/27 14:52:17.385, 53, 3315, 45.42, 3, 16, 1845
2026/09/27 14:52:17.902, 53, 3315, 19.69, 3, 16, 1845
2026/09/27 14:52:18.417, 17, 3315, 19.58, 3, 16, 1845
2026/09/27 14:52:18.934, 17, 3315, 19.43, 3, 16, 1845
2026/09/27 14:52:19.451, 0, 3315, 11.23, 3, 16, 435
2026/09/27 14:52:19.968, 0, 3315, 11.10, 3, 16, 330
2026/09/27 14:52:20.480, 0, 3317, 11.11, 3, 16, 330
2026/09/27 14:52:20.984, 0, 3317, 11.29, 3, 16, 330
2026/09/27 14:52:21.495, 0, 3317, 7.65, 3, 16, 330
2026/09/27 14:52:22.001, 0, 3491, 3.70, 3, 16, 720
2026/09/27 14:52:22.504, 39, 3491, 13.99, 3, 16, 855
2026/09/27 14:52:23.018, 39, 3491, 34.27, 3, 16, 1845
2026/09/27 14:52:23.534, 87, 3491, 34.36, 3, 16, 1845
2026/09/27 14:52:24.041, 87, 3491, 34.09, 3, 16, 1845
2026/09/27 14:52:24.550, 100, 3491, 19.71, 3, 16, 1845
2026/09/27 14:52:25.067, 100, 3491, 19.51, 3, 16, 1845
2026/09/27 14:52:25.584, 4, 3491, 19.32, 3, 16, 1845
2026/09/27 14:52:26.100, 4, 3491, 10.28, 3, 16, 510
2026/09/27 14:52:26.612, 1, 3491, 5.11, 3, 16, 375
2026/09/27 14:52:27.118, 1, 3491, 1.88, 3, 16, 315
2026/09/27 14:52:27.634, 0, 3491, 2.51, 3, 16, 315
2026/09/27 14:52:28.151, 0, 3491, 3.92, 3, 16, 315
2026/09/27 14:52:28.659, 10, 3763, 28.07, 3, 16, 1860
2026/09/27 14:52:29.181, 62, 3763, 19.46, 3, 16, 1860
2026/09/27 14:52:29.697, 62, 3763, 19.34, 3, 16, 1860
2026/09/27 14:52:30.199, 0, 3763, 19.53, 3, 16, 1860
2026/09/27 14:52:30.717, 0, 3763, 6.99, 3, 16, 510
2026/09/27 14:52:31.233, 0, 3763, 1.27, 3, 16, 345
2026/09/27 14:52:31.745, 0, 3763, 1.24, 3, 16, 315
2026/09/27 14:52:32.333, 0, 3763, 1.30, 3, 16, 315
2026/09/27 14:52:32.849, 0, 3763, 1.16, 3, 16, 315
2026/09/27 14:52:33.367, 0, 3763, 1.14, 3, 16, 300
2026/09/27 14:52:33.872, 0, 3763, 1.20, 3, 16, 300
2026/09/27 14:52:34.383, 0, 3763, 1.92, 3, 16, 300
2026/09/27 14:52:34.901, 0, 3763, 1.20, 3, 16, 300
2026/09/27 14:52:35.418, 1, 3763, 1.25, 3, 16, 300
2026/09/27 14:52:35.933, 1, 3763, 1.24, 3, 16, 300
2026/09/27 14:52:36.499, 0, 3763, 1.27, 3, 16, 300
2026/09/27 14:52:37.011, 0, 3763, 1.25, 3, 16, 300
2026/09/27 14:52:37.517, 0, 3763, 1.23, 3, 16, 300
2026/09/27 14:52:38.031, 0, 3763, 1.22, 3, 16, 300
2026/09/27 14:52:38.535, 0, 3763, 1.18, 3, 16, 300
2026/09/27 14:52:39.199, 0, 3763, 1.22, 3, 16, 300
2026/09/27 14:52:39.716, 0, 3763, 1.24, 3, 16, 300
2026/09/27 14:52:40.234, 0, 3763, 1.25, 3, 16, 300
2026/09/27 14:52:40.742, 0, 3763, 1.22, 3, 16, 300
2026/09/27 14:52:41.249, 0, 3763, 1.33, 3, 16, 300
2026/09/27 14:52:41.966, 0, 3763, 1.27, 3, 16, 300
2026/09/27 14:52:42.482, 0, 3763, 1.27, 3, 16, 300
2026/09/27 14:52:42.986, 0, 3763, 1.14, 3, 16, 300
2026/09/27 14:52:43.865, 0, 3763, 1.11, 3, 16, 300
2026/09/27 14:52:44.381, 0, 3763, 1.37, 3, 16, 300
2026/09/27 14:52:44.899, 0, 3763, 1.16, 3, 16, 300
2026/09/27 14:52:45.415, 0, 3763, 1.29, 3, 16, 300
2026/09/27 14:52:46.116, 0, 3763, 1.19, 3, 16, 300
2026/09/27 14:52:46.627, 0, 3763, 1.25, 3, 16, 300
2026/09/27 14:52:47.132, 0, 3763, 1.15, 3, 16, 300
2026/09/27 14:52:47.657, 0, 3763, 1.14, 3, 16, 300
2026/09/27 14:52:48.183, 0, 3763, 1.18, 3, 16, 300
2026/09/27 14:52:48.700, 0, 3763, 1.16, 3, 16, 300
2026/09/27 14:52:49.214, 0, 3763, 1.24, 3, 16, 300
2026/09/27 14:52:49.731, 0, 3763, 1.23, 3, 16, 300
2026/09/27 14:52:50.248, 0, 3763, 1.14, 3, 16, 300
2026/09/27 14:52:50.764, 0, 3763, 1.19, 3, 16, 300
2026/09/27 14:52:51.281, 0, 3763, 1.14, 3, 16, 300
2026/09/27 14:52:51.797, 0, 3763, 1.15, 3, 16, 300
2026/09/27 14:52:52.314, 0, 3763, 1.23, 3, 16, 300
2026/09/27 14:52:52.831, 0, 3763, 1.17, 3, 16, 300
2026/09/27 14:52:53.335, 0, 3763, 1.18, 3, 16, 300
2026/09/27 14:52:53.850, 0, 3763, 1.19, 3, 16, 300
2026/09/27 14:52:54.366, 0, 3763, 1.18, 3, 16, 300
2026/09/27 14:52:54.881, 0, 3763, 1.16, 3, 16, 300
2026/09/27 14:52:55.400, 0, 3763, 1.25, 3, 16, 300
2026/09/27 14:52:55.915, 0, 13, 1.18, 3, 16, 300
2026/09/27 14:52:56.431, 0, 13, 1.23, 3, 16, 300
2026/09/27 14:52:56.947, 0, 13, 1.21, 3, 16, 300
2026/09/27 14:52:57.454, 0, 13, 1.23, 3, 16, 300
2026/09/27 14:52:57.964, 0, 13, 1.18, 3, 16, 300
2026/09/27 14:52:58.480, 0, 13, 1.15, 3, 16, 300
2026/09/27 14:52:58.986, 0, 13, 1.20, 3, 16, 300
2026/09/27 14:52:59.498, 0, 13, 1.15, 3, 16, 300
2026/09/27 14:53:00.011, 0, 13, 1.16, 3, 16, 300
2026/09/27 14:53:00.515, 0, 13, 1.22, 3, 16, 300
2026/09/27 14:53:01.029, 0, 13, 1.13, 3, 16, 300
2026/09/27 14:53:01.547, 0, 13, 1.22, 3, 16, 300
2026/09/27 14:53:02.063, 0, 13, 1.11, 3, 16, 300
2026/09/27 14:53:02.580, 0, 13, 1.21, 3, 16, 300
2026/09/27 14:53:03.096, 0, 13, 1.16, 3, 16, 300
2026/09/27 14:53:03.612, 0, 13, 1.15, 3, 16, 300
2026/09/27 14:53:04.130, 0, 13, 1.15, 3, 16, 300
2026/09/27 14:53:04.647, 0, 13, 1.15, 3, 16, 300
2026/09/27 14:53:05.163, 0, 13, 1.14, 3, 16, 300
2026/09/27 14:53:05.679, 0, 13, 1.17, 3, 16, 300
2026/09/27 14:53:06.279, 0, 13, 1.13, 3, 16, 300
2026/09/27 14:53:06.796, 0, 13, 1.16, 3, 16, 300
